title,author,style1,style2,status
时空之头号玩家,风上忍,科幻,时空穿梭,连载中
最强妖锋,tisword,体育,足球运动,连载中
娱乐圈刑警,圆游丝,都市,娱乐明星,连载中
七冠王,明巧,体育,足球运动,连载中
我在明朝当国公,千斤顶,历史,两宋元明,连载中
伊森的奇幻漂流,冥域天使,奇幻,另类幻想,连载中
进球万岁,猪头七,体育,足球运动,连载中
进化之眼,亚舍罗,玄幻,高武世界,连载中
伊塔之柱,绯炎,游戏,虚拟网游,连载中
蓝白社,魔性沧月,都市,异术超能,连载中
狂探,旷海忘湖,都市,异术超能,连载中
仙界科技,想枕头的瞌睡,都市,异术超能,连载中
万古神帝,飞天鱼,玄幻,东方玄幻,连载中
大盗贼,泛舟填词,游戏,虚拟网游,连载中
萌神信徒,突然光和热,游戏,游戏异界,连载中
诸天最强大佬,七只跳蚤,科幻,时空穿梭,连载中
我修的可能是假仙,明月地上霜,二次元,搞笑吐槽,连载中
环城术士,黑袍雷斯林,科幻,时空穿梭,连载中
刀镇星河,开荒,玄幻,东方玄幻,连载中
永恒武道,月中阴,玄幻,高武世界,连载中
红楼名侦探,嗷世巅锋,历史,架空历史,连载中
黑夜玩家,幼儿园一把手,都市,都市生活,连载中
电影教师,青城无忌,都市,都市生活,连载中
诸天我为帝,兴霸天,玄幻,东方玄幻,连载中
帝国的崛起,终极侧位,历史,外国历史,连载中
天下珍藏,烛,都市,都市生活,连载中
天神学院,写字板,仙侠,幻想修仙,连载中
天下豪商,大罗罗,历史,两宋元明,连载中
位面电梯,千翠百恋,科幻,时空穿梭,连载中
这世界的土著好凶猛,真费事,都市,异术超能,连载中
山海八荒录,洛水,仙侠,幻想修仙,连载中
开天录,血红,玄幻,东方玄幻,连载中
美国牧场的小生活,醛石,都市,都市生活,连载中
超级丧尸工厂,雨水,科幻,时空穿梭,连载中
洪荒之逆天妖帝,神仙爱凡尘,仙侠,神话修真,连载中
独断大明,官笙,历史,两宋元明,连载中
三国小霸王,庄不周,历史,秦汉三国,连载中
疯骑士的宇宙时代,愤怒的松鼠,二次元,原生幻想,连载中
史上最强赘婿,沉默的糕点,玄幻,东方玄幻,连载中
限制级巨星,不如踢球,体育,足球运动,连载中
我真不是神仙,刀一耕,都市,都市生活,连载中
明星爸爸宝贝妞,沉入太平洋,都市,娱乐明星,连载中
反叛的大魔王,赵青杉,都市,异术超能,连载中
勒胡马,赤军,历史,两晋隋唐,连载中
走进修仙,吾道长不孤,仙侠,幻想修仙,连载中
大侠给跪,十八大师,玄幻,东方玄幻,连载中
全职武神,流浪的蛤蟆,仙侠,古典仙侠,连载中
最强医圣,左耳思念,都市,异术超能,连载中
大仙官,暗黑茄子,仙侠,修真文明,连载中
从姑获鸟开始,活儿该,科幻,时空穿梭,连载中
大妖猴,甲鱼不是龟,仙侠,古典仙侠,连载中
东京警事,虫草田十,都市,都市生活,连载中
魔法种族大穿越,残酷厕纸天使,科幻,时空穿梭,连载中
神农别闹,南山隐士,都市,都市生活,连载中
侠行天下,zhttty,武侠,武侠幻想,连载中
超凡玩家,青衫取醉,游戏,虚拟网游,连载中
捉妖奶爸,火中物,二次元,原生幻想,连载中
木叶之壕杰忍传,末日黄瓜,二次元,衍生同人,连载中
光头武僧在都市,易伤秋者,游戏,游戏异界,连载中
壹号卫,葛洛夫街兄弟,体育,篮球运动,连载中
洪荒之妖皇逆天,清风扶醉月,仙侠,神话修真,连载中
我的身体有bug,不是浮云,游戏,虚拟网游,连载中
史上最强店主,南极烈日,科幻,时空穿梭,完本
天神诀,太一生水,玄幻,东方玄幻,连载中
古董商的寻宝之旅,血蝠,都市,都市生活,连载中
无耻术士,深蓝椰子汁,游戏,游戏异界,连载中
山沟皇帝,雨天下雨,历史,架空历史,连载中
这个明星来自地球,关乌鸦,都市,娱乐明星,连载中
文娱复兴,葆星,都市,娱乐明星,连载中
无敌天下,神见,玄幻,异世大陆,连载中
冥河传承,水平面,仙侠,幻想修仙,连载中
房产大玩家,貔蚯,都市,都市生活,连载中
杨小落的便宜奶爸,寒门,都市,都市生活,连载中
世界第一第二第三都是我,大头文,体育,足球运动,连载中
崛起诸天,冬日之阳,玄幻,东方玄幻,连载中
造梦天师,李鸿天,玄幻,东方玄幻,连载中
抗战之兵魂传说,丑牛1985,军事,抗战烽火,连载中
无限气运主宰,落花独立,游戏,游戏异界,连载中
我的成就有点多,虫2,都市,都市生活,连载中
随身带个侏罗纪,木鱼和尚,都市,异术超能,连载中
一品修仙,不放心油条,仙侠,幻想修仙,连载中
都市夜战魔法少男,愿心不变,二次元,原生幻想,连载中
星空之主,八月飞鹰,玄幻,东方玄幻,连载中
大宋有毒,第十个名字,历史,两宋元明,连载中
在漫威当超级英雄的那些年,一吨大苹果,都市,异术超能,连载中
主神调查员,小仲牛,科幻,时空穿梭,连载中
魔鬼传奇,虾写,都市,异术超能,连载中
神话禁区,何处不染尘,玄幻,东方玄幻,完本
继承两万亿,侠想,都市,都市生活,连载中
我和我的冒险团,liuyuxi,科幻,时空穿梭,连载中
华娱大时代,吃饭打怪兽,都市,娱乐明星,连载中
抗日之铁血战将,574981,军事,抗战烽火,连载中
杀神永生,恐怖的阿肥,灵异,恐怖惊悚,连载中
鹰扬美利坚,华东之雄,军事,军事战争,连载中
极拳暴君,夜与雪,玄幻,高武世界,连载中
抗战之还我河山,汉唐风月1,军事,抗战烽火,连载中
霸主崛起,酸奶酪,军事,战争幻想,连载中
盛唐剑圣,无言不信,历史,两晋隋唐,连载中
獒唐,苍山月,历史,架空历史,连载中
巫师不朽,两只陈洁南,奇幻,史诗奇幻,连载中
美漫法神,余云飞,奇幻,另类幻想,连载中
黄庭道主,妖僧花无缺,游戏,游戏异界,连载中
变声大佬,月下行人,二次元,搞笑吐槽,连载中
漫漫诸天,朝不保夕,玄幻,东方玄幻,连载中
世界冒险传奇,三月的小草,科幻,时空穿梭,连载中
湾区之王,磨砚少年,体育,体育赛事,连载中
振南明,一袖乾坤,历史,两宋元明,连载中
砂隐之最强技师,红音也,二次元,衍生同人,连载中
魔法与万象卡牌系统,威馆长,二次元,衍生同人,连载中
纵横诸天的武者,我叫排云掌,科幻,时空穿梭,连载中
我是全能大明星,天下第一白,都市,都市生活,连载中
逆流2004,木子心,都市,都市生活,连载中
文坛救世主,卖萌无敌小小宝,都市,都市生活,连载中
重生之我是我二大爷,蠢蠢凡愚QD,都市,都市生活,连载中
万历1592,御炎,历史,两宋元明,连载中
诅咒之龙,路过的穿越者,奇幻,另类幻想,连载中
乱清,青玉狮子,历史,清史民国,连载中
我被系统托管了,木恒,科幻,进化变异,连载中
从仙侠世界归来,发狂的妖魔,都市,异术超能,连载中
超级仙学院,尺长寸短,都市,异术超能,连载中
北宋大表哥,北冥老鱼,历史,两宋元明,连载中
怎么又是天谴圈,诸葛婉君,游戏,游戏主播,连载中
修神外传仙界篇,小段探花,仙侠,幻想修仙,连载中
地球求生指南,伴读小牧童,科幻,末世危机,连载中
开海,夺鹿侯,历史,两宋元明,连载中
梦幻西游大主播,懵比的小提莫,游戏,游戏主播,连载中
黑巫师朱鹏,狂翻的咸鱼2,奇幻,黑暗幻想,连载中
谋断九州,冰临神下,历史,架空历史,连载中
电影世界穿梭门,龙升云霄,科幻,时空穿梭,连载中
我到异界放卫星,韦小宝,玄幻,异世大陆,连载中
我的小人国,青衫小白,科幻,时空穿梭,连载中
长风万里尽汉歌,汉风雄烈,历史,两宋元明,连载中
道门法则,八宝饭,仙侠,幻想修仙,连载中
燃钢之魂,阴天神隐,游戏,游戏异界,连载中
漫威世界的术士,火之高兴,奇幻,现代魔法,连载中
浴血兵锋,丑牛1985,军事,战争幻想,连载中
巫师亚伯,吃瓜子群众,奇幻,剑与魔法,连载中
魔鬼主教,远古莱德,体育,篮球运动,连载中
漫威之DNF分解大师,落魄的小纯洁,二次元,衍生同人,连载中
至高主宰,犁天,玄幻,东方玄幻,连载中
系统之乡土懒人,乡土宅男,都市,都市生活,连载中
戏法罗,唐四方,都市,都市生活,连载中
NBA超巨崛起,飞翔的123,体育,篮球运动,连载中
天路杀神,撞破南墙,玄幻,异世大陆,连载中
神级大魔头,拉姆,玄幻,东方玄幻,连载中
氪命玩家,半纸情书0,都市,都市生活,连载中
神级农场,钢枪里的温柔,都市,都市生活,连载中
英雄联盟：冠军之箭,雨雪紫冰辰,游戏,电子竞技,连载中
自然大玩家,青幕山,都市,都市生活,连载中
地中海霸主之路,新海月1,历史,外国历史,连载中
雷霆之主,萧舒,武侠,武侠幻想,连载中
反套路快穿,良心,仙侠,现代修真,完本
听说我死后超凶的,老魔童,都市,异术超能,连载中
氪金魔主,凰中鲤,玄幻,东方玄幻,连载中
暗影熊提伯斯的位面之旅,暗影熊,科幻,时空穿梭,连载中
美漫之哥谭黑暗教父,流浪暹罗,科幻,时空穿梭,连载中
英雄联盟之传奇正盛,小木不是小暮,游戏,电子竞技,连载中
宇宙最强矿工,疯神狂想,都市,异术超能,连载中
克斯玛帝国,三脚架,奇幻,史诗奇幻,连载中
诸天万界反派聊天群,不要尬舞,科幻,时空穿梭,连载中
东京绅士物语,黑暗风,都市,都市生活,连载中
灵气逼人,卧牛真人,科幻,未来世界,连载中
护国公,木允锋,历史,两宋元明,连载中
工业之王,隐为者,都市,都市生活,连载中
精灵之传奇训练家,铁腿水上漂R,二次元,衍生同人,连载中
斩龙,通吃道人.QD,科幻,时空穿梭,连载中
英雄监狱,黄华溢,游戏,虚拟网游,连载中
大晋太宰,青山铁杉,历史,两晋隋唐,连载中
恐怖复苏,佛前献花,仙侠,现代修真,连载中
咸鱼翻身的正确姿势,二宝天使,都市,都市生活,连载中
汉当更强,吴老狼,历史,秦汉三国,连载中
黑科技研发中心,凡核桃,都市,都市生活,连载中
君临星空,风消逝,玄幻,异世大陆,连载中
跨界闲品店,给您添蘑菇啦,都市,都市生活,连载中
修罗帝尊,孤单地飞,玄幻,东方玄幻,连载中
奋斗在港片世界,纪墨白,科幻,时空穿梭,连载中
革命吧女神,草上匪,奇幻,史诗奇幻,连载中
大文学家,醉卧笑伊人,二次元,原生幻想,连载中
大唐贞观第一纨绔,危险的世界,历史,两晋隋唐,连载中
火影之水遁最强,观水楼,二次元,衍生同人,连载中
神话烘炉,雪满林中,仙侠,古典仙侠,连载中
哈利波特之我是传奇,纠结于名,奇幻,现代魔法,连载中
进化之路,牛笔,二次元,原生幻想,连载中
鬼片的世界,方所,科幻,时空穿梭,完本
足球卡牌系统,Mr木木木啊,体育,足球运动,连载中
后手,可大可小,军事,谍战特工,连载中
重生燃情年代,银色纪念币,都市,都市生活,连载中
万古之王,快餐店,玄幻,东方玄幻,连载中
文豪少女的二次元时代,松子不吃糖,二次元,变身入替,连载中
网游之我是武学家,铁牛仙,游戏,虚拟网游,连载中
我真不是开玩笑,曾经拥有的方向感,都市,都市生活,连载中
我的忍界有轮回,半碗红烧肉,二次元,衍生同人,连载中
穿越反派之子,鼠自来,科幻,时空穿梭,连载中
重塑人生三十年,皇家雇佣猫,都市,都市生活,连载中
大唐官,幸运的苏拉,历史,两晋隋唐,连载中
命运之眼,资产暴增,玄幻,东方玄幻,连载中
不灭龙帝,妖夜,玄幻,异世大陆,连载中
打造火影世界,0蛋炒饭0,二次元,衍生同人,连载中
魔鬼考卷,黑色火种,灵异,恐怖惊悚,连载中
凡人修仙传,忘语,仙侠,幻想修仙,完本
